date,long_return,ticker.x,short_return,ticker.y,spread_return,spread_nav,peak_nav,drawdown
2024-09-02,-0.002888293746865833,UKBO10,2.0253968253968255e-4,CASH_GBP,-0.0030908334294055158,0.9969091665705945,0.9969091665705945,0
2024-09-03,0.005248496451025764,UKBO10,2.0293650793650793e-4,CASH_GBP,0.005045559943089256,1.0019391315283415,1.0019391315283415,0
2024-09-04,0.004463618463102836,UKBO10,2.0190476190476192e-4,CASH_GBP,0.004261713701198075,1.0062091092529422,1.0062091092529422,0
2024-09-05,0.0019514935777189546,UKBO10,2.0142857142857142e-4,CASH_GBP,0.0017500650062903832,1.0079700406040566,1.0079700406040566,0
2024-09-06,0.0019656881109790802,UKBO10,2.0075396825396826e-4,CASH_GBP,0.001764934142725112,1.0097490413435626,1.0097490413435626,0
2024-09-09,0.003010708234895576,UKBO10,2.0075396825396826e-4,CASH_GBP,0.0028099542666416076,1.0125863899705232,1.0125863899705232,0
2024-09-10,0.0030364431435925265,UKBO10,1.9777777777777778e-4,CASH_GBP,0.002838665365814749,1.015460783885628,1.015460783885628,0
2024-09-11,0.004577884053452497,UKBO10,1.990079365079365e-4,CASH_GBP,0.00437887611694456,1.0199073608598785,1.0199073608598785,0
2024-09-12,-0.0014298628132113356,UKBO10,1.9773809523809522e-4,CASH_GBP,-0.0016276009084494308,1.0182473587128087,1.0199073608598785,-0.0016276009084494891
2024-09-13,0.0014346575227428549,UKBO10,1.9476190476190477e-4,CASH_GBP,0.00123989561798095,1.0195098791508974,1.0199073608598785,-3.897233457027527e-4
2024-09-16,8.52673588592312e-4,UKBO10,1.937301587301587e-4,CASH_GBP,6.589434298621533e-4,1.0201816784874433,1.0201816784874433,0
2024-09-17,-7.959173702594136e-4,UKBO10,1.9261904761904761e-4,CASH_GBP,-9.885364178784611e-4,1.019173191745406,1.0201816784874433,-9.885364178784384e-4
2024-09-18,-0.006027122990487022,UKBO10,1.8908730158730157e-4,CASH_GBP,-0.006216210292074323,1.0128377968614721,1.0201816784874433,-0.007198601759697887
2024-09-19,-0.00324059244796282,UKBO10,1.8785714285714285e-4,CASH_GBP,-0.003428449590819963,1.0093653335312553,1.0201816784874433,-0.010602371307260383
2024-09-20,-8.696987596291672e-4,UKBO10,1.853174603174603e-4,CASH_GBP,-0.0010550162199466275,1.008300436732528,1.0201816784874433,-0.011646201853508065
2024-09-23,-0.0012571223189147274,UKBO10,1.8384920634920637e-4,CASH_GBP,-0.0014409715252639338,1.0068475045142853,1.0201816784874433,-0.013070391533523518
2024-09-24,-0.001508750748144272,UKBO10,1.8384920634920637e-4,CASH_GBP,-0.0016925999544934783,1.0051433144739625,1.0201816784874433,-0.014740868543902108
2024-09-25,-0.0037862125984232664,UKBO10,1.834126984126984e-4,CASH_GBP,-0.003969625296835965,1.0011532721458811,1.0201816784874433,-0.01865197811606889
2024-09-26,-0.0012452073720020662,UKBO10,1.8361111111111112e-4,CASH_GBP,-0.0014288184831131774,0.9997228058462099,1.0201816784874433,-0.020054146308103205
2024-09-27,0.002600466614506969,UKBO10,1.8273809523809527e-4,CASH_GBP,0.0024177285192688736,1.0021398641852677,1.0201816784874433,-0.01768490327029304
2024-09-30,-0.002306095898987448,UKBO10,1.8353174603174602e-4,CASH_GBP,-0.002489627645019194,0.9996449090752163,1.0201816784874433,-0.020130502091231017
2024-10-01,0.005533546167697079,UKBO10,1.8253968253968252e-4,CASH_GBP,0.005351006485157396,1.0049940154665324,1.0201816784874433,-0.01488721405331317
2024-10-02,-0.006846986197841853,UKBO10,1.8250000000000002e-4,CASH_GBP,-0.007029486197841854,0.9979294239058968,1.0201816784874433,-0.021812050785443016
2024-10-03,0.0012447542880529294,UKBO10,1.8250000000000002e-4,CASH_GBP,0.0010622542880529295,0.998989478715615,1.0201816784874433,-0.0207729664418681
2024-10-04,-0.008802127117347847,UKBO10,1.840873015873016e-4,CASH_GBP,-0.008986214418935148,0.9900123450576163,1.0201816784874433,-0.029572510530239238
2024-10-07,-0.006102814620087771,UKBO10,1.8488095238095237e-4,CASH_GBP,-0.006287695572468723,0.9837874488189081,1.0201816784874433,-0.03567426315918021
2024-10-08,0.0019043199785617748,UKBO10,1.8361111111111112e-4,CASH_GBP,0.0017207088674506636,0.9854802606057775,1.0201816784874433,-0.03401493931268729
2024-10-09,4.493137274894643e-4,UKBO10,1.85e-4,CASH_GBP,2.643137274894643e-4,0.9857407365668254,1.0201816784874433,-0.033759616200597975
2024-10-10,-0.0020224484267672427,UKBO10,1.8496031746031746e-4,CASH_GBP,-0.0022074087442275603,0.9835648038453865,1.0201816784874433,-0.035892503672822595
2024-10-11,5.388712460663303e-4,UKBO10,1.8424603174603174e-4,CASH_GBP,3.5462521432029856e-4,0.9839136007247481,1.0201816784874433,-0.03555060684530975
2024-10-14,-0.002438374871742366,UKBO10,1.8424603174603174e-4,CASH_GBP,-0.002622620903488398,0.9813331683482608,1.0201816784874433,-0.038079991984153905
2024-10-15,0.0058992932857728775,UKBO10,1.8424603174603174e-4,CASH_GBP,0.005715047254026846,0.986941533777315,1.0201816784874433,-0.032582573683749505
2024-10-16,0.00796070930235615,UKBO10,1.8376984126984127e-4,CASH_GBP,0.007776939461086309,0.9946169183371327,1.0201816784874433,-0.025059026925688177
2024-10-17,-0.0016798198595687763,UKBO10,1.8456349206349206e-4,CASH_GBP,-0.0018643833516322683,0.9927625711133332,1.0201816784874433,-0.026876690644712098
2024-10-18,0.0027643858943078303,UKBO10,1.840873015873016e-4,CASH_GBP,0.002580298592720529,0.9953241949784826,1.0201816784874433,-0.024365741939039065
2024-10-21,-0.006258804377499594,UKBO10,1.8424603174603174e-4,CASH_GBP,-0.006443050409245626,0.9889112710166944,1.0201816784874433,-0.03065180264471279
2024-10-22,-0.0022355282144148614,UKBO10,1.8365079365079365e-4,CASH_GBP,-0.002419179008065655,0.9865189176290112,1.0201816784874433,-0.032996829455261056
2024-10-23,-0.0024562818749294113,UKBO10,1.8384920634920637e-4,CASH_GBP,-0.0026401310812786175,0.9839143783723096,1.0201816784874433,-0.035549844581511114
2024-10-24,-0.0025193096756132016,UKBO10,1.8297619047619046e-4,CASH_GBP,-0.002702285866089392,0.981255560454192,1.0201816784874433,-0.03815606460504617
2024-10-25,3.2545648006321315e-4,UKBO10,1.8396825396825396e-4,CASH_GBP,1.4148822609495919e-4,0.9813943965627866,1.0201816784874433,-0.03801997501284682
2024-10-28,-0.0014471323814044812,UKBO10,1.8269841269841268e-4,CASH_GBP,-0.0016298307941028938,0.9797948897541084,1.0201816784874433,-0.039587839680882864
2024-10-29,-0.004570036652053244,UKBO10,1.8273809523809527e-4,CASH_GBP,-0.0047527747472913395,0.9751381453445601,1.0201816784874433,-0.04415246234343895
2024-10-30,-0.0027052837427484766,UKBO10,1.817063492063492e-4,CASH_GBP,-0.002886990091954826,0.9723229311806632,1.0201816784874433,-0.046911984714072874
2024-10-31,-0.007038048437917777,UKBO10,1.8063492063492064e-4,CASH_GBP,-0.007218683358552697,0.9653040398182101,1.0201816784874433,-0.05379202530925342
2024-11-01,3.155608906231233e-4,UKBO10,1.7932539682539682e-4,CASH_GBP,1.362354937977265e-4,0.9654355484907396,1.0201816784874433,-0.05366311819858616
2024-11-04,-8.226788040188726e-4,UKBO10,1.8015873015873017e-4,CASH_GBP,-0.0010028375341776027,0.9644673734858838,1.0201816784874433,-0.05461214034363315
2024-11-05,-0.005568904938957009,UKBO10,1.8027777777777777e-4,CASH_GBP,-0.005749182716734786,0.9589224743313842,1.0201816784874433,-0.06004734788698041
2024-11-06,-0.0024846035431791424,UKBO10,1.8047619047619048e-4,CASH_GBP,-0.002665079733655333,0.9563668694788969,1.0201816784874433,-0.06255239665072254
2024-11-07,0.0052169658500418326,UKBO10,1.8003968253968254e-4,CASH_GBP,0.00503692616750215,0.9611840187895072,1.0201816784874433,-0.05783054228675044
2024-11-08,0.005327225673190439,UKBO10,1.8015873015873017e-4,CASH_GBP,0.005147066943031709,0.9661312972787892,1.0201816784874433,-0.052981133016220316
2024-11-11,7.642898224438088e-4,UKBO10,1.8015873015873017e-4,CASH_GBP,5.841310922850787e-4,0.9666956446087596,1.0201816784874433,-0.05242794985103438
2024-11-12,-0.005760969240264591,UKBO10,1.803174603174603e-4,CASH_GBP,-0.005941286700582051,0.960952228631935,1.0201816784874433,-0.05805774707042766
2024-11-13,-0.0014171028092075932,UKBO10,1.7900793650793654e-4,CASH_GBP,-0.0015961107457155297,0.9594184424536962,1.0201816784874433,-0.05956119122217207
2024-11-14,0.003259017419776411,UKBO10,1.802380952380952e-4,CASH_GBP,0.0030787793245383157,0.9623722801179034,1.0201816784874433,-0.056665787661713485
2024-11-15,0.0010467988237261583,UKBO10,1.7912698412698413e-4,CASH_GBP,8.676718395991741e-4,0.9632073034445727,1.0201816784874433,-0.05584728313033693
2024-11-18,5.665870017126373e-4,UKBO10,1.7932539682539682e-4,CASH_GBP,3.872616048872405e-4,0.9635803166507437,1.0201816784874433,-0.05548164903394337
2024-11-19,0.0015642003896678691,UKBO10,1.7952380952380954e-4,CASH_GBP,0.0013846765801440596,0.9649145637482978,1.0201816784874433,-0.05417379659384447
2024-11-20,-0.0017580700347742395,UKBO10,1.797222222222222e-4,CASH_GBP,-0.0019377922569964617,0.9630447597780032,1.0201816784874433,-0.05600661128726925
2024-11-21,0.0028160491343889316,UKBO10,1.801190476190476e-4,CASH_GBP,0.002635930086769884,0.9655832784352082,1.0201816784874433,-0.05351831071224944
2024-11-22,0.00412954250574038,UKBO10,1.8003968253968254e-4,CASH_GBP,0.003949502823200697,0.9693968523194234,1.0201816784874433,-0.04978017860829975
2024-11-25,0.003397209054769812,UKBO10,1.7940476190476192e-4,CASH_GBP,0.0032178042928650502,0.9725161816723066,1.0201816784874433,-0.046722557187860225
2024-11-26,-5.867757125039841e-4,UKBO10,1.7884920634920635e-4,CASH_GBP,-7.656249188531905e-4,0.9717715990496303,1.0201816784874433,-0.047452410152657776
2024-11-27,0.004454698023290238,UKBO10,1.7857142857142857e-4,CASH_GBP,0.004276126594718809,0.9759270174283189,1.0201816784874433,-0.04337919607097629
2024-11-28,0.002191421718181541,UKBO10,1.7857142857142857e-4,CASH_GBP,0.0020128502896101124,0.9778914124079879,1.0201816784874433,-0.04145366160874053
2024-11-29,0.00222659667262759,UKBO10,1.7833333333333335e-4,CASH_GBP,0.0020482633392942566,0.9798943915378338,1.0201816784874433,-0.039490306284799104
2024-12-02,0.002856503534640842,UKBO10,1.776587301587302e-4,CASH_GBP,0.0026788448044821117,0.9825193765375461,1.0201816784874433,-0.036917249882135406
2024-12-03,-0.002536313000222279,UKBO10,1.7738095238095238e-4,CASH_GBP,-0.002713693952603231,0.9798531196471206,1.0201816784874433,-0.03953076171698677
2024-12-04,-2.7928032079005405e-4,UKBO10,1.7718253968253966e-4,CASH_GBP,-4.564628604725937e-4,0.9794058530892835,1.0201816784874433,-0.039969180252889314
2024-12-05,-0.0021990382644886397,UKBO10,1.7674603174603173e-4,CASH_GBP,-0.0023757842962346715,0.9770789960438737,1.0201816784874433,-0.04225000639834575
2024-12-06,4.3350225298399714e-4,UKBO10,1.7503968253968253e-4,CASH_GBP,2.584625704443146e-4,0.9773315343927182,1.0201816784874433,-0.04200246387315665
2024-12-09,3.1568099284795537e-4,UKBO10,1.7480158730158734e-4,CASH_GBP,1.4087940554636803e-4,0.9774692202783053,1.0201816784874433,-0.04186750174975207
2024-12-10,-0.00369802680792386,UKBO10,1.7452380952380953e-4,CASH_GBP,-0.003872550617447669,0.9736839212457805,1.0201816784874433,-0.04557791834744773
2024-12-11,3.842428833820133e-4,UKBO10,1.73452380952381e-4,CASH_GBP,2.107905024296323e-4,0.9738891645687475,1.0201816784874433,-0.045376735237326216
2024-12-12,-0.0029740695869902023,UKBO10,1.7202380952380952e-4,CASH_GBP,-0.0031460933965140117,0.9708252182991611,1.0201816784874433,-0.04838006918675486
2024-12-13,-0.003625862199827745,UKBO10,1.7174603174603177e-4,CASH_GBP,-0.0037976082315737767,0.9671384044587288,1.0201816784874433,-0.051993948869340945
2024-12-16,-0.002122577772610379,UKBO10,1.717063492063492e-4,CASH_GBP,-0.0022942841218167283,0.96491951417378,1.0201816784874433,-0.05416894409983619
2024-12-17,-0.005850414022032124,UKBO10,1.7162698412698414e-4,CASH_GBP,-0.0060220410061591085,0.9591087292917823,1.0201816784874433,-0.05986477750336583
2024-12-18,-0.002937237352704014,UKBO10,1.7265873015873015e-4,CASH_GBP,-0.0031098960828627445,0.9561260008115183,1.0201816784874433,-0.06278850034916938
2024-12-19,-0.0013610434184520015,UKBO10,1.7202380952380952e-4,CASH_GBP,-0.001533067227975811,0.9546601953738586,1.0201816784874433,-0.06422530858496611
2024-12-20,0.005787184637613851,UKBO10,1.7174603174603177e-4,CASH_GBP,0.00561543860586782,0.9600210310904462,1.0201816784874433,-0.058970523256400176
2024-12-23,-0.0026540584855883065,UKBO10,1.7194444444444446e-4,CASH_GBP,-0.002826002930032751,0.9573080088436916,1.0201816784874433,-0.0616298753149247
2024-12-24,-0.003812506107715219,UKBO10,1.7202380952380952e-4,CASH_GBP,-0.003984529917239028,0.9534935864424413,1.0201816784874433,-0.06536883915017577
2024-12-25,9.998757887164089e-5,UKBO10,1.7202380952380952e-4,CASH_GBP,-7.203623065216863e-5,0.9534249003585229,1.0201816784874433,-0.06543616645605355
2024-12-26,3.330803967178664e-4,UKBO10,1.7222222222222224e-4,CASH_GBP,1.6085817449564414e-4,0.9535782665475132,1.0201816784874433,-0.06528583422384004
2024-12-27,-0.0026411017766462264,UKBO10,1.7091269841269842e-4,CASH_GBP,-0.0028120144750589248,0.95089679065888,1.0201816784874433,-0.06791426398804523
2024-12-30,0.001477483845124583,UKBO10,1.702777777777778e-4,CASH_GBP,0.0013072060673468052,0.95213980871305,1.0201816784874433,-0.06669583585864292
2024-12-31,0.0035067176346965656,UKBO10,1.7202380952380952e-4,CASH_GBP,0.003334693825172756,0.9553149034538666,1.0201816784874433,-0.06358355222547274
2025-01-01,1.0025349257380967e-4,UKBO10,1.7202380952380952e-4,CASH_GBP,-7.177031694999985e-5,0.9552463402004586,1.0201816784874433,-0.06365075913072671
2025-01-02,-0.001390868743052831,UKBO10,1.7119047619047618e-4,CASH_GBP,-0.0015620592192433073,0.9537541888481,1.0201816784874433,-0.065113392094858
2025-01-03,2.6971548099230525e-4,UKBO10,1.707142857142857e-4,CASH_GBP,9.900119527801954e-5,0.9538486116527973,1.0201816784874433,-0.06502083720322616
2025-01-06,-0.0011732310082219755,UKBO10,1.7067460317460317e-4,CASH_GBP,-0.0013439056113965786,0.9525667291511742,1.0201816784874433,-0.0662773609466476
2025-01-07,-0.005529349145600326,UKBO10,1.7103174603174602e-4,CASH_GBP,-0.0057003808916320725,0.9471367359703164,1.0201816784874433,-0.07159993563639155
2025-01-08,-0.008819307355709904,UKBO10,1.7142857142857143e-4,CASH_GBP,-0.008990735927138475,0.9386212796903155,1.0201816784874433,-0.07994693544982312
2025-01-09,-1.3148940361251693e-4,UKBO10,1.7099206349206351e-4,CASH_GBP,-3.0248146710458044e-4,0.9383373641485792,1.0201816784874433,-0.08022523445060237
2025-01-10,-0.0020749136304601956,UKBO10,1.7174603174603177e-4,CASH_GBP,-0.002246659662206227,0.9362292394430056,1.0201816784874433,-0.08229165531467741
2025-01-13,-0.0036316191717095103,UKBO10,1.7194444444444446e-4,CASH_GBP,-0.003803563616153955,0.9326682319714807,1.0201816784874433,-0.08578221738476333
2025-01-14,1.5416093446041224e-4,UKBO10,1.7142857142857143e-4,CASH_GBP,-1.726763696815919e-5,0.9326521269950393,1.0201816784874433,-0.08579800376554336
2025-01-15,0.012164007420398582,UKBO10,1.7119047619047618e-4,CASH_GBP,0.011992816944208106,0.9438372532267171,1.0201816784874433,-0.07483414657467402
2025-01-16,0.004212439253023614,UKBO10,1.7099206349206351e-4,CASH_GBP,0.004041447189531551,0.9476517216411454,1.0201816784874433,-0.07109513763649755
2025-01-17,0.0020079246458823974,UKBO10,1.7067460317460317e-4,CASH_GBP,0.0018372500427077942,0.9493927948072026,1.0201816784874433,-0.06938850713844891
2025-01-20,-1.483147273954044e-4,UKBO10,1.7067460317460317e-4,CASH_GBP,-3.1898933057000756e-4,0.9490899486351392,1.0201816784874433,-0.06968536227557742
2025-01-21,0.00531233191314695,UKBO10,1.7126984126984127e-4,CASH_GBP,0.005141062071877109,0.953969278972867,1.0201816784874433,-0.06490255697666047
2025-01-22,-0.003015462580696182,UKBO10,1.7162698412698414e-4,CASH_GBP,-0.0031870895648231663,0.9509288934386907,1.0201816784874433,-0.06788279627941296
2025-01-23,-1.757083585064434e-4,UKBO10,1.7158730158730158e-4,CASH_GBP,-3.47295660093745e-4,0.9505986399609417,1.0201816784874433,-0.0682065165389637
2025-01-24,7.263341295509207e-4,UKBO10,1.7111111111111114e-4,CASH_GBP,5.552230184398096e-4,0.9511264342071456,1.0201816784874433,-0.06768916334851405
2025-01-27,0.0034833919987165007,UKBO10,1.7067460317460317e-4,CASH_GBP,0.0033127173955418976,0.9542772472911033,1.0201816784874433,-0.06460068102188643
2025-01-28,-0.0019459234312698692,UKBO10,1.705952380952381e-4,CASH_GBP,-0.002116518669365107,0.9522575016814613,1.0201816784874433,-0.06658047114381505
2025-01-29,1.8462455957934942e-4,UKBO10,1.705952380952381e-4,CASH_GBP,1.4029321484111315e-5,0.952270861208088,1.0201816784874433,-0.06656737590116524
2025-01-30,0.004445501421511899,UKBO10,1.7055555555555555e-4,CASH_GBP,0.004274945865956344,0.9563417675894802,1.0201816784874433,-0.06257700196362515
2025-01-31,0.002010926550508607,UKBO10,1.7031746031746033e-4,CASH_GBP,0.0018406090901911469,0.958102018940235,1.0201816784874433,-0.060851572672085075
2025-02-03,0.003492691388027769,UKBO10,1.7047619047619048e-4,CASH_GBP,0.0033222151975515783,0.9612850400283631,1.0201816784874433,-0.057731519494059524
2025-02-04,-0.0022420416288431166,UKBO10,1.7123015873015874e-4,CASH_GBP,-0.0024132717875732755,0.9589651979614464,1.0201816784874433,-0.06000546943438412
2025-02-05,0.006917856246070109,UKBO10,1.7142857142857143e-4,CASH_GBP,0.006746427674641537,0.9654347873119917,1.0201816784874433,-0.05366386431936443
2025-02-06,-0.003392316816480556,UKBO10,1.7158730158730158e-4,CASH_GBP,-0.0035639041180678577,0.9619940702977646,1.0201816784874433,-0.05703651557039302
2025-02-07,4.0549032659908946e-4,UKBO10,1.7214285714285715e-4,CASH_GBP,2.333474694562323e-4,0.9622185491797005,1.0201816784874433,-0.056816477427511725
2025-02-10,0.0018195258919753154,UKBO10,1.7214285714285715e-4,CASH_GBP,0.0016473830348324582,0.9638036916934202,1.0201816784874433,-0.055262692893692344
2025-02-11,-0.0037241084676244984,UKBO10,1.7206349206349208e-4,CASH_GBP,-0.0038961719596879905,0.9600485467752006,1.0201816784874433,-0.058943551898910984
2025-02-12,-0.0026570106933239135,UKBO10,1.7222222222222224e-4,CASH_GBP,-0.0028292329155461355,0.9573323458261419,1.0201816784874433,-0.06160601977726554
2025-02-13,0.004510286785394335,UKBO10,1.7178571428571427e-4,CASH_GBP,0.0043385010711086205,0.9614857332339155,1.0201816784874433,-0.05753479648894744
2025-02-14,-6.505251385724442e-4,UKBO10,1.717063492063492e-4,CASH_GBP,-8.222314877787934e-4,0.9606951693890005,1.0201816784874433,-0.0583097210554101
2025-02-17,-0.0021232119570548935,UKBO10,1.717063492063492e-4,CASH_GBP,-0.002294918306261243,0.9584904524580329,1.0201816784874433,-0.06047082331538833
2025-02-18,-0.002161457486691165,UKBO10,1.7150793650793652e-4,CASH_GBP,-0.002332965423199102,0.9562543273739819,1.0201816784874433,-0.06266271239868015
2025-02-19,-0.004024479810176285,UKBO10,1.7162698412698414e-4,CASH_GBP,-0.004196106794303269,0.952241782093806,1.0201816784874433,-0.0665958797597378
2025-02-20,6.917209143326719e-4,UKBO10,1.713888888888889e-4,CASH_GBP,5.20332025443783e-4,0.9527372639889952,1.0201816784874433,-0.06611019970329557
2025-02-21,0.002902308957766664,UKBO10,1.7091269841269842e-4,CASH_GBP,0.0027313962593539655,0.9553395669880019,1.0201816784874433,-0.06355937659611621
2025-02-24,6.640821748560288e-4,UKBO10,1.7067460317460317e-4,CASH_GBP,4.934075716814257e-4,0.9558109387638806,1.0201816784874433,-0.0630973297020988
2025-02-25,0.004312033270488014,UKBO10,1.703968253968254e-4,CASH_GBP,0.0041416364450911885,0.9597695601824819,1.0201816784874433,-0.059217019457289743
2025-02-26,8.435575522796057e-4,UKBO10,1.707936507936508e-4,CASH_GBP,6.727639014859549e-4,0.9604152584963177,1.0201816784874433,-0.05858409462884828
2025-02-27,-5.219905645357237e-4,UKBO10,1.707936507936508e-4,CASH_GBP,-6.927842153293744e-4,0.95974989796507,1.0201816784874433,-0.05923629270814934
2025-02-28,1.130244271865255e-4,UKBO10,1.7091269841269842e-4,CASH_GBP,-5.788827122617292e-5,0.9596943397026673,1.0201816784874433,-0.05929075189279687
2025-03-03,-0.002164232615399442,UKBO10,1.7067460317460317e-4,CASH_GBP,-0.002334907218574045,0.9574535424612708,1.0201816784874433,-0.06148722070678181
2025-03-04,0.0022711236430839055,UKBO10,1.703968253968254e-4,CASH_GBP,0.00210072681768708,0.9594648907946087,1.0201816784874433,-0.059515661742578496
2025-03-05,-0.01097973992780732,UKBO10,1.7119047619047618e-4,CASH_GBP,-0.011150930403997795,0.9487659645722787,1.0201816784874433,-0.07000293714453687
2025-03-06,3.6136521267615684e-4,UKBO10,1.7099206349206351e-4,CASH_GBP,1.9037314918409333e-4,0.948946584136793,1.0201816784874433,-0.06982589067494915
2025-03-07,0.002382115745950264,UKBO10,1.7111111111111114e-4,CASH_GBP,0.002211004634839153,0.9510447094325343,1.0201816784874433,-0.06776927140802402
2025-03-10,7.651380062712043e-5,UKBO10,1.702777777777778e-4,CASH_GBP,-9.376397715065736e-5,0.9509555356981297,1.0201816784874433,-0.06785668106875897
2025-03-11,-0.0025937278538521458,UKBO10,1.7083333333333333e-4,CASH_GBP,-0.002764561187185479,0.9483265609333995,1.0201816784874433,-0.07043364830917054
2025-03-12,-0.0034295811583880953,UKBO10,1.7099206349206351e-4,CASH_GBP,-0.003600573221880159,0.9449120417125051,1.0201816784874433,-0.07378062002302921
2025-03-13,0.0037958680884213614,UKBO10,1.707936507936508e-4,CASH_GBP,0.0036250744376277104,0.9483374182007236,1.0201816784874433,-0.07042300582503946
2025-03-14,9.674722790939949e-4,UKBO10,1.707142857142857e-4,CASH_GBP,7.967579933797092e-4,0.949093013619096,1.0201816784874433,-0.06968235792446875
2025-03-17,0.0024306275309993186,UKBO10,1.7067460317460317e-4,CASH_GBP,0.0022599529278247155,0.9512379191540024,1.0201816784874433,-0.06757988384545333
2025-03-18,-3.6735903891726984e-4,UKBO10,1.7023809523809523e-4,CASH_GBP,-5.375971341553651e-4,0.9507265363747653,1.0201816784874433,-0.06808115022772665
2025-03-19,0.001518425989268879,UKBO10,1.7083333333333333e-4,CASH_GBP,0.0013475926559355456,0.9520077284729871,1.0201816784874433,-0.06682530322984559
2025-03-20,-0.0010949339214133547,UKBO10,1.703968253968254e-4,CASH_GBP,-0.00126533074681018,0.9508031238229492,1.0201816784874433,-0.06800607786581425
2025-03-21,-0.004869864029393378,UKBO10,1.7031746031746033e-4,CASH_GBP,-0.005040181489710838,0.9460109035178975,1.0201816784874433,-0.07270349638067797
2025-03-24,-2.8810712591598175e-4,UKBO10,1.7031746031746033e-4,CASH_GBP,-4.584245862334421e-4,0.94557722886088,1.0201816784874433,-0.07312859189666532
2025-03-25,-0.0028783668921347205,UKBO10,1.6999999999999999e-4,CASH_GBP,-0.0030483668921347205,0.942694762542464,1.0201816784874433,-0.075954036010393855
2025-03-26,0.002239182091955394,UKBO10,1.705952380952381e-4,CASH_GBP,0.002068586853860156,0.9446448085354622,1.0201816784874433,-0.07404256667692244
2025-03-27,-0.004212285783521619,UKBO10,1.707936507936508e-4,CASH_GBP,-0.004383079434315269,0.9405043553024377,1.0201816784874433,-0.07810111165997213
2025-03-28,0.007034541529665761,UKBO10,1.70515873015873e-4,CASH_GBP,0.006864025656649888,0.9469600013274245,1.0201816784874433,-0.07177317403756933
2025-03-31,0.001823364506646774,UKBO10,1.7067460317460317e-4,CASH_GBP,0.001652689903472171,0.9485250325606104,1.0201816784874433,-0.07023910293416913
2025-04-01,0.003645892195403011,UKBO10,1.7103174603174602e-4,CASH_GBP,0.0034748604493712648,0.9518210246814939,1.0201816784874433,-0.06700831356558312
2025-04-02,-6.872891171277873e-4,UKBO10,1.7142857142857143e-4,CASH_GBP,-8.587176885563587e-4,0.9510036791312599,1.0201816784874433,-0.06780949003000047
2025-04-03,0.010080567753126601,UKBO10,1.7055555555555555e-4,CASH_GBP,0.009910012197571046,0.9604281371913856,1.0201816784874433,-0.05857147070573776
2025-04-04,0.0059854749706675925,UKBO10,1.692857142857143e-4,CASH_GBP,0.005816189256381878,0.9660141690044451,1.0201816784874433,-0.05309594420800501
2025-04-07,-0.013192087577197809,UKBO10,1.6968253968253967e-4,CASH_GBP,-0.013361770116880348,0.9531065097485586,1.0201816784874433,-0.06574825852423927
2025-04-08,9.104233786583205e-4,UKBO10,1.7103174603174602e-4,CASH_GBP,7.393916326265744e-4,0.9538112287268686,1.0201816784874433,-0.06505748060382521
2025-04-09,-0.014545580849571804,UKBO10,1.7103174603174602e-4,CASH_GBP,-0.01471661259560355,0.9397743583843586,1.0201816784874433,-0.07881666746093641
2025-04-10,0.012127292473184781,UKBO10,1.7178571428571427e-4,CASH_GBP,0.011955506758899066,0.9510098370778628,1.0201816784874433,-0.06780345390258047
2025-04-11,-0.008387091016507475,UKBO10,1.7174603174603177e-4,CASH_GBP,-0.008558837048253507,0.9428702988510272,1.0201816784874433,-0.07578197223757299
2025-04-14,0.007329825331074513,UKBO10,1.7150793650793652e-4,CASH_GBP,0.0071583173945665764,0.9496196637121128,1.0201816784874433,-0.06916612625306917
2025-04-15,0.001165112374304389,UKBO10,1.7123015873015874e-4,CASH_GBP,9.938822155742303e-4,0.9505634738074358,1.0201816784874433,-0.06824098702029813
2025-04-16,0.0035642583008634876,UKBO10,1.7142857142857143e-4,CASH_GBP,0.003392829729434916,0.9537885738210846,1.0201816784874433,-0.0650796873403916
2025-04-17,0.0030872611244885384,UKBO10,1.7174603174603177e-4,CASH_GBP,0.002915515092742507,0.9565693588033454,1.0201816784874433,-0.06235391305832094
2025-04-18,1.2027546076542883e-4,UKBO10,1.7174603174603177e-4,CASH_GBP,-5.1470570980602934e-5,0.9565201236322651,1.0201816784874433,-0.062402174237793595
2025-04-21,1.1926124113825765e-4,UKBO10,1.7194444444444446e-4,CASH_GBP,-5.268320330618681e-5,0.9564697310881254,1.0201816784874433,-0.06245156989466771
2025-04-22,0.0023945141888830346,UKBO10,1.7162698412698414e-4,CASH_GBP,0.0022228872047560504,0.9585958554150976,1.0201816784874433,-0.06036750548554748
2025-04-23,-0.0014814494299674186,UKBO10,1.7162698412698414e-4,CASH_GBP,-0.0016530764140944027,0.9570112232158623,1.0201816784874433,-0.061920789800145926
2025-04-24,0.005126358404428544,UKBO10,1.7099206349206351e-4,CASH_GBP,0.0049553663409364805,0.9617535644192846,1.0201816784874433,-0.05727226365678928
2025-04-25,0.0018039434265268994,UKBO10,1.7091269841269842e-4,CASH_GBP,0.001633030728114201,0.9633241375428547,1.0201816784874433,-0.05573276029509522
2025-04-28,-0.0018973757884646059,UKBO10,1.7067460317460317e-4,CASH_GBP,-0.002068050391639209,0.9613319346829337,1.0201816784874433,-0.05768555252997909
2025-04-29,0.0020249903571887273,UKBO10,1.705952380952381e-4,CASH_GBP,0.0018543951190934892,0.9631146239304385,1.0201816784874433,-0.05593812921793939
2025-04-30,0.003533616536735451,UKBO10,1.7015873015873017e-4,CASH_GBP,0.003363457806576721,0.9663540193309254,1.0201816784874433,-0.05276281694876617
2025-05-01,-0.003078916641507501,UKBO10,1.707936507936508e-4,CASH_GBP,-0.003249710292301152,0.9632136487282991,1.0201816784874433,-0.05584106337177808
2025-05-02,-0.0013204199872346445,UKBO10,1.7134920634920633e-4,CASH_GBP,-0.0014917691935838508,0.9617767562802867,1.0201816784874433,-0.05724953058728699
2025-05-05,1.2394783693325806e-4,UKBO10,1.7150793650793652e-4,CASH_GBP,-4.756009957467846e-5,0.9617310140819895,1.0201816784874433,-0.0572943678934863
2025-05-06,-7.589166649641932e-4,UKBO10,1.7123015873015874e-4,CASH_GBP,-9.30146823694352e-4,0.9608364630339928,1.0201816784874433,-0.05817122254286877
2025-05-07,0.004413119303085189,UKBO10,1.7162698412698414e-4,CASH_GBP,0.004241492318958205,0.9649118435117264,1.0201816784874433,-0.05417646301751067
2025-05-08,-0.006710775407457903,UKBO10,1.7202380952380952e-4,CASH_GBP,-0.006882799216981712,0.9582705490307475,1.0201816784874433,-0.06068637651725661
2025-05-09,-0.0010299726981548574,UKBO10,1.7154761904761908e-4,CASH_GBP,-0.0012015203172024765,0.9571191674967103,1.0201816784874433,-0.061814980920096185
2025-05-12,-0.006068873075022352,UKBO10,1.7440476190476188e-4,CASH_GBP,-0.006243277836927114,0.95114360661098,1.0201816784874433,-0.06767233065665479
2025-05-13,-0.0021857251983502524,UKBO10,1.7408730158730156e-4,CASH_GBP,-0.002359812499937554,0.9488990860388637,1.0201816784874433,-0.06987244914480883
2025-05-14,-0.0027410396245115543,UKBO10,1.7468253968253968e-4,CASH_GBP,-0.002915722164194094,0.9461323599421166,1.0201816784874433,-0.0725844426603649
2025-05-15,0.00482495633460811,UKBO10,1.73452380952381e-4,CASH_GBP,0.0046515039536557294,0.950533298355069,1.0201816784874433,-0.06827056552871791
2025-05-16,8.448800341969154e-4,UKBO10,1.727777777777778e-4,CASH_GBP,6.721022564191376e-4,0.9511721539296949,1.0201816784874433,-0.06764434807343767
2025-05-19,-0.0013065993365879436,UKBO10,1.7273809523809524e-4,CASH_GBP,-0.0014793374318260387,0.9497650493582761,1.0201816784874433,-0.06902361668910717
2025-05-20,-0.0029567513149068025,UKBO10,1.7226190476190477e-4,CASH_GBP,-0.003129013219668707,0.9467932219632548,1.0201816784874433,-0.0719366540996863
2025-05-21,-0.004062044218425598,UKBO10,1.724206349206349e-4,CASH_GBP,-0.0042344648533462325,0.9427840593414649,1.0201816784874433,-0.07586650571958009
2025-05-22,0.0010579866694373496,UKBO10,1.7281746031746033e-4,CASH_GBP,8.851692091198893e-4,0.943618582761643,1.0201816784874433,-0.07504849120532675
2025-05-23,0.0052285583976263705,UKBO10,1.7234126984126983e-4,CASH_GBP,0.005056217127785101,0.9483897232018986,1.0201816784874433,-0.07037173554418852
2025-05-26,1.2431345269847682e-4,UKBO10,1.7234126984126983e-4,CASH_GBP,-4.802781714279301e-5,0.9483441741136927,1.0201816784874433,-0.07041638356048452
2025-05-27,0.0013650210646201089,UKBO10,1.7126984126984127e-4,CASH_GBP,0.0011937512233502676,0.9494762611316979,1.0201816784874433,-0.06930669198115347
2025-05-28,-0.00424779467524794,UKBO10,1.7222222222222224e-4,CASH_GBP,-0.004420016897470162,0.945279560013749,1.0201816784874433,-0.07342037212895924
2025-05-29,0.006095572761351198,UKBO10,1.7281746031746033e-4,CASH_GBP,0.005922755301033738,0.9508782195387792,1.0201816784874433,-0.06793246772615624
2025-05-30,2.2512765571414128e-4,UKBO10,1.7257936507936508e-4,CASH_GBP,5.25482906347762e-5,0.9509281865638178,1.0201816784874433,-0.06788348917057907
2025-06-02,-0.0015243599974427147,UKBO10,1.7234126984126983e-4,CASH_GBP,-0.0016967012672839846,0.9493147455045791,1.0201816784874433,-0.06946501243575953
2025-06-03,0.002863719244848184,UKBO10,1.7206349206349208e-4,CASH_GBP,0.002691655752784692,0.9518699740005198,1.0201816784874433,-0.0669603325833148
2025-06-04,0.0027649401931144624,UKBO10,1.7265873015873015e-4,CASH_GBP,0.002592281462955732,0.9543374888892655,1.0201816784874433,-0.06454163114926814
2025-06-05,-0.001401830416823624,UKBO10,1.7222222222222224e-4,CASH_GBP,-0.0015740526390458462,0.9528353114463389,1.0201816784874433,-0.06601409186347518
2025-06-06,-0.0014197793105360512,UKBO10,1.7257936507936508e-4,CASH_GBP,-0.0015923586756154164,0.9513180558717246,1.0201816784874433,-0.06750133242719902
2025-06-09,7.627555255642626e-4,UKBO10,1.7273809523809524e-4,CASH_GBP,5.900174303261674e-4,0.951879350106473,1.0201816784874433,-0.06695114195957508
2025-06-10,0.007315001940314092,UKBO10,1.7265873015873015e-4,CASH_GBP,0.007142343210155362,0.9586779991195931,1.0201816784874433,-0.06028698678360678
2025-06-11,-5.883065065586113e-4,UKBO10,1.7325396825396824e-4,CASH_GBP,-7.615604748125795e-4,0.9579479078473911,1.0201816784874433,-0.06100263507213943
2025-06-12,0.005809518652692303,UKBO10,1.7404761904761906e-4,CASH_GBP,0.005635471033644684,0.9633463955338055,1.0201816784874433,-0.05571094262141996
2025-06-13,-0.005503813512111155,UKBO10,1.7337301587301587e-4,CASH_GBP,-0.005677186527984171,0.9578772983552989,1.0201816784874433,-0.061071847736492435
2025-06-16,0.0018558024305908027,UKBO10,1.7317460317460318e-4,CASH_GBP,0.0016826278274161995,0.9594890493527618,1.0201816784874433,-0.05949198109954934
2025-06-17,-0.0012482165043860016,UKBO10,1.7162698412698414e-4,CASH_GBP,-0.0014198434885129858,0.9581267250737387,1.0201816784874433,-0.06082735528607941
2025-06-18,0.004166027115923399,UKBO10,1.7222222222222224e-4,CASH_GBP,0.0039938048937011765,0.9619532962771241,1.0201816784874433,-0.05707648298159074
2025-06-19,-0.001987254782497394,UKBO10,1.7222222222222224e-4,CASH_GBP,-0.002159477004719616,0.9598759802541994,1.0201816784874433,-0.05911270463380136
2025-06-20,-4.7733188366982926e-4,UKBO10,1.7111111111111114e-4,CASH_GBP,-6.484429947809404e-4,0.9592535553989451,1.0201816784874433,-0.05972281640935995
2025-06-23,0.0034269445722892034,UKBO10,1.6944444444444442e-4,CASH_GBP,0.003257500127844759,0.9623783239782927,1.0201816784874433,-0.05665986336360396
2025-06-24,0.0011645108867137655,UKBO10,1.705952380952381e-4,CASH_GBP,9.939156486185273e-4,0.963334846854386,1.0201816784874433,-0.05572226283983106
2025-06-25,-2.017138454307732e-4,UKBO10,1.705952380952381e-4,CASH_GBP,-3.7230908352601133e-4,0.9629761885404249,1.0201816784874433,-0.05607382601874722
2025-06-26,0.0011302120968768037,UKBO10,1.7178571428571427e-4,CASH_GBP,9.584263825910894e-4,0.963899130325329,1.0201816784874433,-0.055169142270385385
2025-06-27,-0.0020590553706415493,UKBO10,1.7091269841269842e-4,CASH_GBP,-0.0022299680690542477,0.9617496660429143,1.0201816784874433,-0.05727608491377956
2025-06-30,0.0014116485696575864,UKBO10,1.7047619047619048e-4,CASH_GBP,0.001241172379181396,0.9629433631640938,1.0201816784874433,-0.05610600202918081
2025-07-01,0.0021591013337542986,UKBO10,1.7182539682539683e-4,CASH_GBP,0.001987275936928902,0.9648569973383351,1.0201816784874433,-0.0542302242000019
2025-07-02,-0.011272134833337333,UKBO10,1.7222222222222224e-4,CASH_GBP,-0.011444357055559556,0.95381482935324,1.0201816784874433,-0.06505395120661361
2025-07-03,0.005386293232500394,UKBO10,1.7317460317460318e-4,CASH_GBP,0.005213118629325791,0.9587871792090686,1.0201816784874433,-0.06017996654223423
2025-07-04,-7.616809467668739e-4,UKBO10,1.7317460317460318e-4,CASH_GBP,-9.348555499414771e-4,0.9578908516933724,1.0201816784874433,-0.06105856251645836
2025-07-07,-0.002802980912415154,UKBO10,1.729365079365079e-4,CASH_GBP,-0.0029759174203516617,0.9550402476210226,1.0201816784874433,-0.0638527746969556
2025-07-08,-0.00292009020488182,UKBO10,1.730952380952381e-4,CASH_GBP,-0.0030931854429770583,0.952086131029624,1.0201816784874433,-0.06674845166674637
2025-07-09,0.0021922465523813717,UKBO10,1.7325396825396824e-4,CASH_GBP,0.0020189925841274034,0.9540083858676234,1.0201816784874433,-0.0648642237115361
2025-07-10,8.939981821936005e-4,UKBO10,1.7301587301587302e-4,CASH_GBP,7.209823091777275e-4,0.9546962090366412,1.0201816784874433,-0.0641900073601529
2025-07-11,-0.002217203070301932,UKBO10,1.7257936507936508e-4,CASH_GBP,-0.002389782435381297,0.9524146928051603,1.0201816784874433,-0.06642638964341796
2025-07-14,0.002537604099931645,UKBO10,1.7214285714285715e-4,CASH_GBP,0.002365461242788788,0.9546675928480536,1.0201816784874433,-0.06421805745082898
2025-07-15,-0.0015931246732808768,UKBO10,1.7265873015873015e-4,CASH_GBP,-0.001765783403439607,0.9529818566568008,1.0201816784874433,-0.06587044567422085
2025-07-16,-0.0012392919697283844,UKBO10,1.724206349206349e-4,CASH_GBP,-0.0014117126046490193,0.9516365201577566,1.0201816784874433,-0.06718916814043774
2025-07-17,-8.20085562709516e-4,UKBO10,1.724206349206349e-4,CASH_GBP,-9.92506197630151e-4,0.9506920150136089,1.0201816784874433,-0.06811498867227472
2025-07-18,-0.00113288588244842,UKBO10,1.7234126984126983e-4,CASH_GBP,-0.00130522715228969,0.9494511459821482,1.0201816784874433,-0.06933131029187145
2025-07-21,0.0052559971928649585,UKBO10,1.7194444444444446e-4,CASH_GBP,0.005084052748420514,0.9542782056903698,1.0201816784874433,-0.06459974158209181
2025-07-22,0.0028143922652781317,UKBO10,1.7123015873015874e-4,CASH_GBP,0.002643162106547973,0.9568005176827551,1.0201816784874433,-0.06212732706458657
2025-07-23,-0.004987889987572047,UKBO10,1.7265873015873015e-4,CASH_GBP,-0.005160548717730778,0.9518629019981032,1.0201816784874433,-0.06696726468429814
2025-07-24,0.0014623736059220516,UKBO10,1.7301587301587302e-4,CASH_GBP,0.0012893577329061785,0.9530901937914611,1.0201816784874433,-0.0657642517119641
2025-07-25,-5.145738940924849e-4,UKBO10,1.727777777777778e-4,CASH_GBP,-6.873516718702627e-4,0.9524350856533154,1.0201816784874433,-0.06640640021547084
2025-07-28,-0.0011473852187831035,UKBO10,1.7234126984126983e-4,CASH_GBP,-0.0013197264886243734,0.9511781318420836,1.0201816784874433,-0.06763848841871656
2025-07-29,0.0011906953820077781,UKBO10,1.7285714285714287e-4,CASH_GBP,0.0010178382391506354,0.9521462773169161,1.0201816784874433,-0.06668949521951706
2025-07-30,0.0025444858594398934,UKBO10,1.7265873015873015e-4,CASH_GBP,0.002371827129281163,0.9544046036885006,1.0201816784874433,-0.06447584404423545
2025-07-31,0.002771049876076903,UKBO10,1.7222222222222224e-4,CASH_GBP,0.002598827653854681,0.9568849367655324,1.0201816784874433,-0.06204457799688856
2025-08-01,0.003759696446457461,UKBO10,1.7091269841269842e-4,CASH_GBP,0.0035887837480447628,0.9603189898753455,1.0201816784874433,-0.05867845882201328
2025-08-04,0.001499641456355727,UKBO10,1.6924603174603173e-4,CASH_GBP,0.0013303954246096953,0.9615965938656416,1.0201816784874433,-0.05742612895054344
2025-08-05,-0.0010685412799704697,UKBO10,1.685714285714286e-4,CASH_GBP,-0.0012371127085418982,0.9604069904988798,1.0201816784874433,-0.058592199065158224
2025-08-06,-9.974287880143429e-5,UKBO10,1.6813492063492063e-4,CASH_GBP,-2.678777994363549e-4,0.9601497187877016,1.0201816784874433,-0.05884438131524494
2025-08-07,-0.0013894548373173388,UKBO10,1.6853174603174604e-4,CASH_GBP,-0.0015579865833490849,0.958653818407824,1.0201816784874433,-0.06031068914199933
2025-08-08,-0.004086903631154493,UKBO10,1.6845238095238095e-4,CASH_GBP,-0.004255356012106874,0.954574405118133,1.0201816784874433,-0.06430940170047161
2025-08-11,0.0030363794748029527,UKBO10,1.6904761904761904e-4,CASH_GBP,0.0028673318557553337,0.9573114867186169,1.0201816784874433,-0.061626466240836675
2025-08-12,-0.004534316423485563,UKBO10,1.6813492063492063e-4,CASH_GBP,-0.004702451344120484,0.9528097760311549,1.0201816784874433,-0.06603912212594953
2025-08-13,0.0030787057496812764,UKBO10,1.671031746031746e-4,CASH_GBP,0.002911602575078102,0.9555839794286068,1.0201816784874433,-0.06331979922890918
2025-08-14,-0.0039167798056498615,UKBO10,1.6749999999999998e-4,CASH_GBP,-0.004084279805649862,0.9516811070788241,1.0201816784874433,-0.06714546325727055
2025-08-15,-0.00390701700674001,UKBO10,1.6761904761904763e-4,CASH_GBP,-0.004074636054359058,0.9478033529276684,1.0201816784874433,-0.07094650598615493
2025-08-18,-0.0028295122158946695,UKBO10,1.6761904761904763e-4,CASH_GBP,-0.002997131263513717,0.9449626618669457,1.0201816784874433,-0.07373100125854049
2025-08-19,1.059358171138225e-4,UKBO10,1.671031746031746e-4,CASH_GBP,-6.11673574893521e-5,0.9449048609979931,1.0201816784874433,-0.07378765868551795
2025-08-20,0.005121054555692339,UKBO10,1.6749999999999998e-4,CASH_GBP,0.004953554555692339,0.9495854987768855,1.0201816784874433,-0.06919961532266117
2025-08-21,-0.0038283424358486196,UKBO10,1.682936507936508e-4,CASH_GBP,-0.00399663608664227,0.9457903511051216,1.0201816784874433,-0.07291968572952312
2025-08-22,0.0030170444418347042,UKBO10,1.6662698412698413e-4,CASH_GBP,0.00285041745770772,0.9484862484332431,1.0201816784874433,-0.07027711981702933
2025-08-25,1.2540089943136046e-4,UKBO10,1.667857142857143e-4,CASH_GBP,-4.1384814854353855e-5,0.9484469955054599,1.0201816784874433,-0.07031559622629158
2025-08-26,-0.0034714471914658596,UKBO10,1.6611111111111113e-4,CASH_GBP,-0.003637558302576971,0.9449969642624048,1.0201816784874433,-0.07369737744801497
2025-08-27,3.4406674679354765e-4,UKBO10,1.6607142857142857e-4,CASH_GBP,1.7799531822211909e-4,0.9451651692977776,1.0201816784874433,-0.07353249991794386
2025-08-28,0.0031206587605121516,UKBO10,1.6587301587301585e-4,CASH_GBP,0.0029547857446391356,0.9479579298663481,1.0201816784874433,-0.07079498695582997
2025-08-29,-0.001530579851485414,UKBO10,1.6456349206349206e-4,CASH_GBP,-0.0016951433435489062,0.9463510052915707,1.0201816784874433,-0.07237012264848408
2025-09-01,-0.002495669758864838,UKBO10,1.6456349206349206e-4,CASH_GBP,-0.00266023325092833,0.9438334908802446,1.0201816784874433,-0.07483783449276915
2025-09-02,-0.003747043346477019,UKBO10,1.6432539682539684e-4,CASH_GBP,-0.003911368743302416,0.9401418100651335,1.0201816784874433,-0.07845648486942025
2025-09-03,0.004735822000620837,UKBO10,1.6361111111111112e-4,CASH_GBP,0.0045722108895097265,0.9444403366867967,1.0201816784874433,-0.07424299357438313
2025-09-04,0.001932601374353471,UKBO10,1.625793650793651e-4,CASH_GBP,0.0017700220092741058,0.9461120168691785,1.0201816784874433,-0.07260438329777019
2025-09-05,0.00558338724005103,UKBO10,1.5944444444444445e-4,CASH_GBP,0.005423942795606585,0.9512436743269129,1.0201816784874433,-0.06757424252388089
2025-09-08,0.0036397335602325054,UKBO10,1.5984126984126983e-4,CASH_GBP,0.0034798922903912354,0.9545538998554866,1.0201816784874433,-0.06432950131907755
2025-09-09,-0.001176267738122183,UKBO10,1.6011904761904764e-4,CASH_GBP,-0.0013363867857412307,0.9532782466374419,1.0201816784874433,-0.0655799190093227
2025-09-10,-2.8175857538259574e-4,UKBO10,1.603174603174603e-4,CASH_GBP,-4.4207603570005604e-4,0.9528568251692494,1.0201816784874433,-0.06599300373440553
2025-09-11,0.0020990547360968392,UKBO10,1.6007936507936508e-4,CASH_GBP,0.0019389753710174742,0.9547043910853584,1.0201816784874433,-0.06418198717228862
2025-09-12,-0.004531217273294641,UKBO10,1.6003968253968255e-4,CASH_GBP,-0.004691256955834324,0.9502256274699138,1.0201816784874433,-0.06857214993436156
2025-09-15,0.002986127349193124,UKBO10,1.586111111111111e-4,CASH_GBP,0.002827516238082013,0.9529124058614266,1.0201816784874433,-0.06593852256369914
2025-09-16,-6.197124858065006e-5,UKBO10,1.580952380952381e-4,CASH_GBP,-2.2006648667588816e-4,0.9527027017761587,1.0201816784874433,-0.06614407819137791
2025-09-17,8.565217606815168e-4,UKBO10,1.5765873015873016e-4,CASH_GBP,6.988630305227866e-4,0.9533685104735091,1.0201816784874433,-0.06549144081179126
2025-09-18,-0.003188344415304023,UKBO10,1.5785714285714288e-4,CASH_GBP,-0.0033462015581611658,0.950178347278261,1.0201816784874433,-0.06861849480866167
2025-09-19,-0.003207032920582442,UKBO10,1.5797619047619048e-4,CASH_GBP,-0.0033650091110586327,0.946980988482539,1.0201816784874433,-0.07175260205950207
2025-09-22,4.539434775139295e-4,UKBO10,1.5654761904761904e-4,CASH_GBP,2.9739585846631046e-4,0.9472626167065599,1.0201816784874433,-0.0714765451277225
2025-09-23,0.0023519158577649524,UKBO10,1.5749999999999998e-4,CASH_GBP,0.0021944158577649523,0.9493413048141287,1.0201816784874433,-0.06943897853404413
2025-09-24,9.083746996587649e-4,UKBO10,1.5726190476190476e-4,CASH_GBP,7.511127948968602e-4,0.9500543672148988,1.0201816784874433,-0.06874002224438858
2025-09-25,-0.006005669720599682,UKBO10,1.5825396825396826e-4,CASH_GBP,-0.00616392368885365,0.944198304595124,1.0201816784874433,-0.07448023768175771
2025-09-26,7.308324828181334e-4,UKBO10,1.571825396825397e-4,CASH_GBP,5.736499431355937e-4,0.9447399438988637,1.0201816784874433,-0.07394931332273302
2025-09-29,0.003319484327553246,UKBO10,1.571825396825397e-4,CASH_GBP,0.0031623017878707064,0.9477274967125281,1.0201816784874433,-0.07102086158059451
2025-09-30,6.875365376326492e-4,UKBO10,1.5666666666666666e-4,CASH_GBP,5.308698709659825e-4,0.9482306166864188,1.0201816784874433,-0.07052769454525165
2025-10-01,0.0017227571733577918,UKBO10,1.5662698412698413e-4,CASH_GBP,0.0015661301892308077,0.9497156692815645,1.0201816784874433,-0.0690720199076249
2025-10-02,-5.16366936950452e-4,UKBO10,1.5682539682539682e-4,CASH_GBP,-6.731923337758488e-4,0.9490763279737374,1.0201816784874433,-0.06969871348712042
2025-10-03,0.0018198999577827557,UKBO10,1.571825396825397e-4,CASH_GBP,0.001662717418100216,0.950654373715366,1.0201816784874433,-0.06815188533395433
2025-10-06,-0.0037588380469661953,UKBO10,1.5674603174603175e-4,CASH_GBP,-0.0039155840787122274,0.946932006585288,1.0201816784874433,-0.0718006149755187
2025-10-07,0.0013235992345730363,UKBO10,1.5583333333333332e-4,CASH_GBP,0.001167765901239703,0.9480378014933708,1.0201816784874433,-0.0707166953841355
2025-10-08,0.0011233410305413472,UKBO10,1.5642857142857144e-4,CASH_GBP,9.669124591127757e-4,0.9489544710553446,1.0201816784874433,-0.06981815977885697
2025-10-09,-0.002708156934174366,UKBO10,0.00015722222222222223,CASH_GBP,-0.0028653791563965883,0.9462353566936132,1.0201816784874433,-0.07248348343548516
2025-10-10,0.005727263779296443,UKBO10,1.5674603174603175e-4,CASH_GBP,0.005570517747550411,0.9515063775414347,1.0201816784874433,-0.0673167362188164
2025-10-13,0.0016274860230300892,UKBO10,1.5674603174603175e-4,CASH_GBP,0.0014707399912840574,0.9529057960228468,1.0201816784874433,-0.06594500164357209
2025-10-14,0.00542836531103652,UKBO10,1.5650793650793653e-4,CASH_GBP,0.005271857374528584,0.9579293794708408,1.0201816784874433,-0.06102079691227147
2025-10-15,0.0034099496303505727,UKBO10,1.5726190476190476e-4,CASH_GBP,0.003252687725588668,0.9610452246054264,1.0201816784874433,-0.05796659078380495
2025-10-16,0.00410069999826046,UKBO10,1.5662698412698413e-4,CASH_GBP,0.003944073014133476,0.9648356571411546,1.0201816784874433,-0.05425114223610317
2025-10-17,-0.002689454560595661,UKBO10,1.5575396825396825e-4,CASH_GBP,-0.002845208528849629,0.9620904985005184,1.0201816784874433,-0.05694199495236274
2025-10-20,0.0030226212109927264,UKBO10,1.5428571428571428e-4,CASH_GBP,0.002868335496707012,0.9648500968284119,1.0201816784874433,-0.054236988201030956
2025-10-21,0.0014772494857351326,UKBO10,1.544047619047619e-4,CASH_GBP,0.0013228447238303707,0.9661264436882885,1.0201816784874433,-0.05298589059087888
2025-10-22,0.004894004958133635,UKBO10,1.5436507936507937e-4,CASH_GBP,0.004739639878768556,0.9707055351087263,1.0201816784874433,-0.04849738475216703
2025-10-23,-5.4709585053158705e-5,UKBO10,1.5416666666666666e-4,CASH_GBP,-2.0887625171982536e-4,0.970502777775029,1.0201816784874433,-0.048696131051941594
2025-10-24,-4.662831880124507e-4,UKBO10,1.5309523809523812e-4,CASH_GBP,-6.193784261076888e-4,0.9699016692919976,1.0201816784874433,-0.04928534814504082
2025-10-27,0.002543271120025281,UKBO10,1.5142857142857143e-4,CASH_GBP,0.0023918425485967097,0.9722215213725651,1.0201816784874433,-0.04701138838915986
2025-10-28,2.053497482086275e-4,UKBO10,1.5130952380952383e-4,CASH_GBP,5.404022439910367e-5,0.9722740604417458,1.0201816784874433,-0.046959888670738525
2025-10-29,0.0010458647050997083,UKBO10,1.5396825396825397e-4,CASH_GBP,8.918964511314543e-4,0.9731412282257811,1.0201816784874433,-0.046109875577658
2025-10-30,-0.0019263787596962567,UKBO10,1.5293650793650793e-4,CASH_GBP,-0.0020793152676327645,0.9711177608123683,1.0201816784874433,-0.04809331387701343
2025-10-31,0.0011700917918779918,UKBO10,1.5142857142857143e-4,CASH_GBP,0.0010186632204494204,0.9721070027580331,1.0201816784874433,-0.04712364154656001
2025-11-03,-0.002062812733303221,UKBO10,1.538888888888889e-4,CASH_GBP,-0.0022167016221921096,0.969952131588075,1.0201816784874433,-0.049235884116092365
2025-11-04,0.0011724442706413374,UKBO10,1.5396825396825397e-4,CASH_GBP,0.0010184760166730834,0.9709400045714185,1.0201816784874433,-0.04826755366655111
2025-11-05,-0.0033288280286172256,UKBO10,1.5436507936507937e-4,CASH_GBP,-0.003483193107982305,0.967558033039231,1.0201816784874433,-0.051582621564262854
2025-11-06,0.0028030490695389876,UKBO10,1.5313492063492062e-4,CASH_GBP,0.0026499141489040668,0.9701219787608675,1.0201816784874433,-0.04906939693407952
2025-11-07,-0.002398891705470918,UKBO10,1.5309523809523812e-4,CASH_GBP,-0.002551986943566156,0.9676462401374031,1.0201816784874433,-0.051496159417341314
2025-11-10,6.291881466204963e-4,UKBO10,1.5384920634920634e-4,CASH_GBP,4.7533894027128993e-4,0.9681062000757474,1.0201816784874433,-0.051045298606915646
2025-11-11,0.006161606282780507,UKBO10,1.5384920634920634e-4,CASH_GBP,0.006007757076431301,0.9739223469499894,1.0201816784874433,-0.04534420928440874
2025-11-12,-9.058685976814917e-4,UKBO10,1.5353174603174603e-4,CASH_GBP,-0.0010594003437132378,0.9728905732808806,1.0201816784874433,-0.04635557195722062
2025-11-13,-0.0027751379937998033,UKBO10,1.5436507936507937e-4,CASH_GBP,-0.0029295030731648825,0.9700404873566012,1.0201816784874433,-0.049149276239878414
2025-11-14,-0.01056747598953689,UKBO10,1.540873015873016e-4,CASH_GBP,-0.01072156329112419,0.9596401368764544,1.0201816784874433,-0.05934388245508382
2025-11-17,0.003305370146069242,UKBO10,1.5345238095238096e-4,CASH_GBP,0.003151917765116861,0.9626648436719946,1.0201816784874433,-0.056379011727328066
2025-11-18,-0.001503200805868854,UKBO10,1.5317460317460315e-4,CASH_GBP,-0.0016563754090434572,0.9610703092977856,1.0201816784874433,-0.057942002327760256
2025-11-19,-0.003563610996012323,UKBO10,1.5396825396825397e-4,CASH_GBP,-0.003717579249980577,0.9574974542581677,1.0201816784874433,-0.06144417759218479
2025-11-20,0.0011876459165771625,UKBO10,1.5373015873015874e-4,CASH_GBP,0.0010339157578470037,0.9584874259642235,1.0201816784874433,-0.06047378993777841
2025-11-21,0.0035710310168015624,UKBO10,1.5206349206349205e-4,CASH_GBP,0.0034189675247380705,0.9617644633464649,1.0201816784874433,-0.057261580336935514
2025-11-24,7.588162429508216e-4,UKBO10,1.5182539682539683e-4,CASH_GBP,6.069908461254248e-4,0.962348245571845,1.0201816784874433,-0.05668934674590931
2025-11-25,0.0033884594515602995,UKBO10,1.5027777777777777e-4,CASH_GBP,0.0032381816737825217,0.9654645040244525,1.0201816784874433,-0.053634735475858064
2025-11-26,0.005496088578425207,UKBO10,1.5293650793650793e-4,CASH_GBP,0.0053431520704886985,0.9706231276881142,1.0201816784874433,-0.04857816195327713
2025-11-27,-0.0011863058528097659,UKBO10,1.5293650793650793e-4,CASH_GBP,-0.0013392423607462738,0.9693232280791942,1.0201816784874433,-0.04985234638172842
2025-11-28,8.196620889033834e-4,UKBO10,1.5063492063492064e-4,CASH_GBP,6.690271682684627e-4,0.9699717316536131,1.0201816784874433,-0.04921667178759115
2025-12-01,-0.003285290477740288,UKBO10,1.498015873015873e-4,CASH_GBP,-0.0034350920650418754,0.9666397894548947,1.0201816784874433,-0.05248270005390776
2025-12-02,8.594640827406241e-4,UKBO10,1.4948412698412698e-4,CASH_GBP,7.099799557564972e-4,0.9673260843298442,1.0201816784874433,-0.05180998176321361
2025-12-03,0.002014949814175715,UKBO10,1.4761904761904763e-4,CASH_GBP,0.0018673307665566673,0.9691324020884062,1.0201816784874433,-0.050039397369618044
2025-12-04,0.0013027850976436994,UKBO10,1.4738095238095238e-4,CASH_GBP,0.001155404145262747,0.9702521416830876,1.0201816784874433,-0.048941808951502686
2025-12-05,-0.0031673632039840305,UKBO10,1.4714285714285716e-4,CASH_GBP,-0.0033145060611268875,0.9670362350786577,1.0201816784874433,-0.052094097090217284
2025-12-08,-0.003771238184300807,UKBO10,1.471031746031746e-4,CASH_GBP,-0.003918341358903982,0.9632470570031901,1.0201816784874433,-0.055808315993937874
2025-12-09,0.001719448852974148,UKBO10,1.4742063492063492e-4,CASH_GBP,0.0015720282180535132,0.9647613085577562,1.0201816784874433,-0.05432402002342884
2025-12-10,-3.7887979137618544e-5,UKBO10,1.4619047619047622e-4,CASH_GBP,-1.8407845532809476e-4,0.9645837167863166,1.0201816784874433,-0.05449809859706378
2025-12-11,0.002320658609598736,UKBO10,1.4535714285714285e-4,CASH_GBP,0.002175301466741593,0.966681977160237,1.0201816784874433,-0.052441346924135046
2025-12-12,-0.0026353087580629486,UKBO10,1.4384920634920634e-4,CASH_GBP,-0.002779157964412155,0.9639954152443584,1.0201816784874433,-0.05507476210157847
2025-12-15,0.0018023214858267078,UKBO10,1.4404761904761903e-4,CASH_GBP,0.0016582738667790889,0.965593983649153,1.0201816784874433,-0.05350781727351139
2025-12-16,-0.0015371293364913052,UKBO10,1.439285714285714e-4,CASH_GBP,-0.0016810579079198766,0.9639707642470998,1.0201816784874433,-0.05509892544206807
2025-12-17,0.003429315205177419,UKBO10,1.4412698412698412e-4,CASH_GBP,0.003285188221050435,0.9671375896472414,1.0201816784874433,-0.0519947475618725
2025-12-18,-2.1426220532350104e-4,UKBO10,1.432936507936508e-4,CASH_GBP,-3.5755585611715185e-4,0.966791783938392,1.0201816784874433,-0.05233371239151152
2025-12-19,-0.0032252896791464813,UKBO10,1.4345238095238096e-4,CASH_GBP,-0.003368742060098862,0.9635349117924807,1.0201816784874433,-0.05552615567351593
2025-12-22,-6.92732788909356e-4,UKBO10,1.4365079365079365e-4,CASH_GBP,-8.363835825601496e-4,0.962729027011034,1.0201816784874433,-0.05631609809106808
2025-12-23,0.002194095499789883,UKBO10,1.428968253968254e-4,CASH_GBP,0.0020511986743930576,0.9647037755150387,1.0201816784874433,-0.0543804149224264
2025-12-24,1.091308161427218e-4,UKBO10,1.447222222222222e-4,CASH_GBP,-3.5591406079500394e-5,0.9646694403512179,1.0201816784874433,-0.0544140708530757
2025-12-25,3.720935419089244e-4,UKBO10,1.447222222222222e-4,CASH_GBP,2.2737131968670222e-4,0.964888778514932,1.0201816784874433,-0.05419907173248839
